<?xml version="1.0" encoding="UTF-8" ?>
<!DOCTYPE struts PUBLIC
"-//Apache Software Foundation//DTD Struts Configuration 2.0//EN"
"http://struts.apache.org/dtds/struts-2.0.dtd">

<struts>
	<constant name="struts.devMode" value="true" />

	<package name="default" namespace="/" extends="struts-default">

		<action name="addFilmAction" class="com.packt.action.FilmAction" method="saveFilm">
			<result name="success">view/film.jsp</result>
		</action>

		<action name="listFilmAction" class="com.packt.action.FilmAction" method="listAllFilms">
			<result name="success">view/film.jsp</result>
		</action>

	</package>
</struts>